{
  "roc_auc": 0.9204128636336074,
  "avg_precision": 0.5519221979585311,
  "brier_score": 0.07826122831461951,
  "n_samples": 331628,
  "n_positive": 42949,
  "prevalence": 0.12950957096505722
}