{
  "roc_auc": 0.922643180785582,
  "avg_precision": 0.24924746992348543,
  "brier_score": 0.030657679121787518,
  "n_samples": 1196604,
  "n_positive": 42949,
  "prevalence": 0.035892408850379906
}