{
  "roc_auc": 0.9220729266287888,
  "avg_precision": 0.5558675164103343,
  "brier_score": 0.07869707148325221,
  "n_samples": 331628,
  "n_positive": 42949,
  "prevalence": 0.12950957096505722
}