{
  "roc_auc": 0.930713503831624,
  "avg_precision": 0.6287486328835822,
  "brier_score": 0.07206691746042146,
  "n_samples": 331628,
  "n_positive": 42949,
  "prevalence": 0.12950957096505722
}