{
  "roc_auc": 0.9403259308670531,
  "avg_precision": 0.30196607460256214,
  "brier_score": 0.0290422806823961,
  "n_samples": 1196604,
  "n_positive": 42949,
  "prevalence": 0.035892408850379906
}