{
  "rate_match_threshold": 0.11800000000000001,
  "area_calib_threshold": 0.12999999999999998,
  "area_calib_wy_range": "WY2018-WY2019"
}