{
  "roc_auc": 0.9207067307534474,
  "avg_precision": 0.2463587614769707,
  "brier_score": 0.030524442545555804,
  "n_samples": 1196604,
  "n_positive": 42949,
  "prevalence": 0.035892408850379906
}