{
  "roc_auc": 0.9158338986988093,
  "avg_precision": 0.4342860746873736,
  "brier_score": 0.06600311010337392,
  "n_samples": 427447,
  "n_positive": 42949,
  "prevalence": 0.1004779539919569
}