{
  "roc_auc": 0.9406677131325745,
  "avg_precision": 0.31699296541771976,
  "brier_score": 0.02998494947911799,
  "n_samples": 1196604,
  "n_positive": 42949,
  "prevalence": 0.035892408850379906
}