{
  "roc_auc": 0.9234441209855557,
  "avg_precision": 0.6685607582638979,
  "brier_score": 0.09638984106489912,
  "n_samples": 223015,
  "n_positive": 42949,
  "prevalence": 0.1925834585117593
}