{
  "roc_auc": 0.9187651792581989,
  "avg_precision": 0.5424103462433588,
  "brier_score": 0.07902378320804489,
  "n_samples": 331628,
  "n_positive": 42949,
  "prevalence": 0.12950957096505722
}