{
  "roc_auc": 0.9200242228170764,
  "avg_precision": 0.24597097371995377,
  "brier_score": 0.030283260604858968,
  "n_samples": 1196604,
  "n_positive": 42949,
  "prevalence": 0.035892408850379906
}