{
  "alpha": 0.0001717554435260475,
  "l1_ratio": 0.15005433666613444
}