{
  "roc_auc": 0.917278768797642,
  "avg_precision": 0.5399959185319267,
  "brier_score": 0.07779612394367183,
  "n_samples": 331628,
  "n_positive": 42949,
  "prevalence": 0.12950957096505722
}