{
  "roc_auc": 0.9427207592874002,
  "avg_precision": 0.31743449270527846,
  "brier_score": 0.028638357491035483,
  "n_samples": 1196604,
  "n_positive": 42949,
  "prevalence": 0.035892408850379906
}