{
  "roc_auc": 0.9181523500283567,
  "avg_precision": 0.5658079187119722,
  "brier_score": 0.07719851184919013,
  "n_samples": 331628,
  "n_positive": 42949,
  "prevalence": 0.12950957096505722
}