{
  "roc_auc": 0.9253418044348977,
  "avg_precision": 0.5273410178607745,
  "brier_score": 0.06635913657624129,
  "n_samples": 427447,
  "n_positive": 42949,
  "prevalence": 0.1004779539919569
}