{
  "roc_auc": 0.9445311071143306,
  "avg_precision": 0.3981467970945666,
  "brier_score": 0.02864463513932736,
  "n_samples": 1196604,
  "n_positive": 42949,
  "prevalence": 0.035892408850379906
}