{
  "roc_auc": 0.9231233750459064,
  "avg_precision": 0.25246969601825753,
  "brier_score": 0.030547321540228375,
  "n_samples": 1196604,
  "n_positive": 42949,
  "prevalence": 0.035892408850379906
}