{
  "alpha": 0.0007459343285726547,
  "l1_ratio": 0.8605714451279329
}