{
  "roc_auc": 0.9217940230559305,
  "avg_precision": 0.6656023204664608,
  "brier_score": 0.0961636811328926,
  "n_samples": 223015,
  "n_positive": 42949,
  "prevalence": 0.1925834585117593
}